Site,Longitude,Latitude,Habitat,Island_shore,Distance_from_shore,Distance_from_crest,Watershed_area,Cleared_area
001,-149.850116,-17.587961,Fringing reef,SW,174.1,849.8,0.526,0.217
002,-149.851314,-17.59043,Mid lagoon,SW,473.14,553.38,0.526,0.217
003,-149.861271,-17.590527,Back reef,SW,1197.44,225.65,0.469,0.18
004,-149.858435,-17.584738,Fringing reef,SW,664.31,905.38,0.47,0.164
005,-149.867294,-17.585097,Back reef,SW,1186.88,185.26,0.521,0.139
006,-149.87319,-17.57797,Back reef,SW,923.17,157.06,0.5,0.117
007,-149.862221,-17.57851,Fringing reef,SW,283.02,1037.33,0.516,0.137
008,-149.854524,-17.582346,Fringing reef,SW,209.34,1377.11,0.508,0.176
009,-149.874002,-17.574527,Back reef,SW,794.43,341.65,0.5,0.117
010,-149.870001,-17.575209,Mid lagoon,SW,467,612.6,0.5,0.117
011,-149.866158,-17.57273,Fringing reef,SW,33.53,1103.04,0.788,0.133
012,-149.848239,-17.593649,Reef pass,SW,791.57,223.38,0.289,0.178
013,-149.870573,-17.567691,Fringing reef,SW,184,964.55,2.177,0.256
014,-149.866259,-17.582811,Mid lagoon,SW,923.59,400.16,0.516,0.137
015,-149.8535,-17.58035,Fringing reef,SW,113.24,1613.2,5.626,0.442
016,-149.842608,-17.58695,Bay,SW,142.02,1034.04,6.092,0.396
017,-149.839035,-17.593286,Fringing reef,SW,209.6,553.84,0.4,0.089
018,-149.840803,-17.595673,Reef pass,SW,528.55,230.56,0.4,0.089
019,-149.839801,-17.598289,Back reef,SW,725.81,195.58,0.4,0.089
020,-149.830339,-17.602384,Back reef,SW,1206.12,209.85,1.035,0.078
021,-149.826245,-17.593444,Fringing reef,SW,138.22,1242.56,1.018,0.08
022,-149.810896,-17.603269,Back reef,SW,1233.02,188.06,0.193,0.125
023,-149.815199,-17.592452,Fringing reef,SW,106.97,1399.32,0.895,0.07
024,-149.809543,-17.593253,Fringing reef,SW,114.81,1289.38,0.193,0.126
025,-149.806754,-17.594369,Fringing reef,SW,295.59,1151.17,0.252,0.167
026,-149.803712,-17.591462,Fringing reef,SE,163.2,1005.72,0.927,0.284
027,-149.79641,-17.594238,Back reef,SE,988.65,176.18,0.927,0.285
028,-149.819394,-17.598821,Mid lagoon,SW,671.42,708.71,0.427,0.034
029,-149.828384,-17.597421,Mid lagoon,SW,626.07,791.84,1.035,0.078
030,-149.810767,-17.59838,Mid lagoon,SW,697.22,728.77,0.193,0.126
031,-149.803888,-17.59796,Mid lagoon,SW,782.17,677.28,0.979,0.304
032,-149.799892,-17.59291,Mid lagoon,SE,591.82,570.58,0.927,0.285
033,-149.790909,-17.587183,Back reef,SE,1023.89,121.22,0.479,0.104
034,-149.7936,-17.580673,Mid lagoon,SE,466.7,695.86,0.505,0.101
035,-149.798549,-17.583832,Fringing reef,SE,160.15,1010.4,0.747,0.179
036,-149.796835,-17.579434,Fringing reef,SE,96.71,970.95,0.505,0.101
037,-149.794288,-17.573494,Fringing reef,SE,246.47,670.75,3.514,0.241
038,-149.792503,-17.56787,Fringing reef,SE,78.43,726.45,0.626,0.183
039,-149.788326,-17.572393,Reef pass,SE,530.47,110.83,0.597,0.176
040,-149.788527,-17.575669,Reef pass,SE,759.5,23.26,0.596,0.175
041,-149.787395,-17.570194,Back reef,SE,558.99,158.28,0.598,0.176
042,-149.789657,-17.569273,Mid lagoon,SE,326.12,401.1,0.596,0.176
043,-149.783034,-17.562485,Back reef,SE,754.79,122.45,0.795,0.166
044,-149.785492,-17.561501,Mid lagoon,SE,472.07,403.62,0.795,0.166
045,-149.789101,-17.560247,Fringing reef,SE,66.15,803.12,0.764,0.145
046,-149.780943,-17.557988,Reef pass,SE,819.9,142.94,0.036,0.015
047,-149.854662,-17.593133,Back reef,SW,903.21,197.4,0.527,0.217
048,-149.817182,-17.594919,Fringing reef,SW,339.06,1132.02,0.953,0.062
049,-149.861017,-17.577178,Fringing reef,SW,89.61,1231.16,0.525,0.143
050,-149.80215,-17.601942,Back reef,SW,1260.13,200.11,0.979,0.304
051,-149.789116,-17.554792,Bay,SE,76.69,1080.4,0.651,0.246
052,-149.780663,-17.548298,Fringing reef,SE,157.73,807.7,0.477,0.157
053,-149.778254,-17.545537,Fringing reef,SE,83.46,742.28,0.377,0.153
054,-149.773951,-17.540488,Fringing reef,SE,85.81,762.6,0.95,0.259
055,-149.774748,-17.543889,Fringing reef,SE,60.3,569.6,0.894,0.187
056,-149.770382,-17.540656,Mid lagoon,SE,379.11,477.46,0.952,0.26
057,-149.766566,-17.541709,Back reef,SE,793.07,117.33,0.952,0.26
058,-149.773243,-17.54809,Back reef,SE,349.33,144.01,0.036,0.015
059,-149.770607,-17.543547,Back reef,SE,437.86,271.69,0.892,0.186
060,-149.777398,-17.552275,Reef pass,SE,120.63,304.36,0.036,0.015
061,-149.772664,-17.535287,Fringing reef,SE,67.86,1078.79,1.133,0.228
062,-149.767993,-17.535983,Mid lagoon,SE,554.51,620.23,1.138,0.227
063,-149.762938,-17.535734,Back reef,SE,1076.14,140.87,1.138,0.227
064,-149.767333,-17.529389,Mid lagoon,SE,642.96,475.02,1.13,0.197
065,-149.764952,-17.524844,Reef pass,SE,1076.15,20.49,0.349,0.059
066,-149.773503,-17.528402,Fringing reef,SE,129.45,983.81,1.156,0.16
067,-149.779369,-17.522668,Bay,SE,132.86,1555.86,6.662,0.638
068,-149.773832,-17.520066,Fringing reef,SE,99.83,1053.53,0.414,0.08
069,-149.768779,-17.515979,Fringing reef,SE,200.47,637.89,0.814,0.197
070,-149.766588,-17.510298,Fringing reef,SE,250.22,497.02,2.768,0.34
071,-149.763027,-17.510723,Back reef,SE,625.72,115.92,2.17,0.274
072,-149.764364,-17.521725,Reef pass,SE,894.62,45.88,0.351,0.06
073,-149.764206,-17.516389,Back reef,SE,578.42,151.42,0.8,0.191
074,-149.760933,-17.505328,Back reef,SE,561.06,85.39,0.525,0.254
075,-149.764534,-17.503268,Fringing reef,SE,118.11,529.32,0.522,0.252
076,-149.762722,-17.500941,Fringing reef,SE,148.26,501.05,0.699,0.251
077,-149.759752,-17.502585,Back reef,SE,472.38,139.19,0.589,0.21
078,-149.757646,-17.500249,Back reef,SE,303.86,158.57,0.543,0.285
079,-149.821035,-17.604108,Back reef,SW,1208.26,129.1,0.258,0.032
080,-149.874345,-17.563807,Fringing reef,SW,308.15,946.86,5.376,0.29
081,-149.877559,-17.565096,Mid lagoon,SW,646.98,657.65,5.376,0.29
082,-149.878538,-17.568909,Reef pass,SW,896.5,228.94,5.375,0.289
083,-149.88305,-17.56706,Back reef,SW,1260.47,113.4,5.376,0.29
084,-149.886526,-17.560438,Reef pass,SW,988.13,205.05,2.325,0.1
085,-149.881216,-17.563508,Mid lagoon,SW,928.15,456.35,3.951,0.213
086,-149.88263,-17.558502,Mid lagoon,SW,550.85,660.74,2.322,0.099
087,-149.878843,-17.558976,Fringing reef,SW,381.29,936.16,0.514,0.044
088,-149.876633,-17.561329,Fringing reef,SW,389.59,998.58,3.951,0.213
089,-149.885592,-17.554737,Fringing reef,SW,560.31,689.93,2.278,0.11
090,-149.887923,-17.555739,Mid lagoon,SW,784.38,447.04,2.788,0.128
091,-149.890511,-17.557416,Back reef,SW,1068.33,134.9,1.964,0.162
092,-149.897047,-17.550329,Back reef,SW,791.29,177.9,2.179,0.194
093,-149.89117,-17.546378,Fringing reef,SW,77.22,938.78,1.917,0.174
094,-149.894962,-17.547809,Mid lagoon,SW,438.45,531.27,2.182,0.197
095,-149.902229,-17.544936,Back reef,SW,595.12,147.73,2.629,0.156
096,-149.904489,-17.538156,Fringing reef,SW,174.32,521.87,2.117,0.216
097,-149.906763,-17.540977,Reef pass,SW,565.96,160.08,1.858,0.202
098,-149.898513,-17.541816,Fringing reef,SW,89.68,672.3,2.473,0.122
099,-149.905889,-17.532221,Fringing reef,SW,124.78,900.02,2.423,0.257
100,-149.910132,-17.534322,Mid lagoon,SW,593.21,503.19,2.086,0.228
101,-149.912111,-17.537559,Back reef,SW,899.37,107.61,2.12,0.219
102,-149.918163,-17.529284,Back reef,SW,927.96,126.86,1.836,0.104
103,-149.914027,-17.527349,Mid lagoon,SW,460.2,613.66,1.836,0.104
104,-149.910743,-17.525681,Fringing reef,SW,94.79,1005.36,2.19,0.136
105,-149.920625,-17.520075,Back reef,SW,843.47,208.55,1.797,0.093
106,-149.917057,-17.519447,Mid lagoon,SW,473.24,593.95,1.797,0.092
107,-149.913273,-17.518857,Fringing reef,SW,93.26,1001.36,1.919,0.091
108,-149.922592,-17.512728,Back reef,SW,777.4,204.77,2.317,0.151
109,-149.919454,-17.511388,Mid lagoon,SW,440.13,557.18,2.246,0.154
110,-149.915916,-17.51056,Fringing reef,SW,100.21,942.88,2.245,0.155
111,-149.924037,-17.503183,Back reef,SW,710.28,224.61,0.671,0.12
112,-149.920637,-17.503481,Mid lagoon,SW,383.14,584.42,0.671,0.12
113,-149.91747,-17.502872,Fringing reef,SW,166.31,923.39,0.931,0.24
114,-149.923573,-17.495456,Back reef,SW,587.99,171.31,0.203,0.027
115,-149.919711,-17.495042,Mid lagoon,SW,336.58,543.97,0.197,0.026
116,-149.914604,-17.49475,Fringing reef,SW,71.4,972.07,0.616,0.22
117,-149.911101,-17.490648,Fringing reef,N,180.84,660.78,1.261,0.133
118,-149.906751,-17.489148,Fringing reef,N,165.11,560.89,1.255,0.193
119,-149.907793,-17.485917,Back reef,N,189.01,196.94,0.135,0.024
120,-149.902252,-17.487908,Mid lagoon,N,210.64,449.04,0.014,0.006
121,-149.896858,-17.488531,Fringing reef,N,255.4,478.51,2.047,0.314
122,-149.896235,-17.484855,Reef pass,N,463.62,87.16,1.634,0.2
123,-149.892149,-17.488426,Fringing reef,N,109.97,519.08,1.787,0.235
124,-149.892281,-17.484697,Reef pass,N,433.28,145.25,1.635,0.2
125,-149.882664,-17.490196,Fringing reef,N,139.49,767.4,1.246,0.163
126,-149.87949,-17.491799,Fringing reef,N,67.44,992.74,0.613,0.133
127,-149.878985,-17.488972,Fringing reef,N,330.42,690.95,5.599,0.431
128,-149.876504,-17.486835,Fringing reef,N,496.53,465.29,5.434,0.518
129,-149.87265,-17.489728,Fringing reef,N,219.94,616.78,5.289,0.498
130,-149.874217,-17.484671,Back reef,N,774.13,169.97,5.434,0.518
131,-149.866756,-17.488096,Reef pass,N,589.69,193.48,5.367,0.506
132,-149.870969,-17.487441,Back reef,N,462.41,313.17,5.289,0.498
133,-149.886899,-17.490286,Fringing reef,N,103.08,749.84,1.051,0.191
134,-149.887007,-17.48733,Fringing reef,N,402.8,422.42,1.037,0.18
135,-149.886128,-17.484528,Back reef,N,697.47,111.98,1.197,0.157
136,-149.880574,-17.486903,Mid lagoon,N,551.94,439.39,0.635,0.127
137,-149.879811,-17.483797,Back reef,N,902.81,111.03,0.595,0.125
138,-149.874647,-17.492096,Fringing reef,N,33.04,942.53,5.405,0.51
139,-149.868119,-17.490651,Fringing reef,N,274.86,493.56,5.369,0.507
140,-149.862644,-17.497164,Fringing reef,N,64.17,939.59,0.875,0.14
141,-149.867373,-17.493161,Fringing reef,N,129.64,610.08,0.408,0.213
142,-149.85192,-17.49376,Fringing reef,N,46.23,1005.73,1.156,0.118
143,-149.854418,-17.490829,Reef pass,N,385.14,593.71,0.58,0.106
144,-149.855001,-17.48895,Reef pass,N,524.19,431.29,0.6,0.116
145,-149.84942,-17.489666,Fringing reef,N,36.75,930.58,0.405,0.132
146,-149.846988,-17.485457,Fringing reef,N,60.8,669.16,1.091,0.19
147,-149.849865,-17.481689,Back reef,N,576.58,163.28,1.09,0.19
148,-149.849021,-17.483867,Mid lagoon,N,331.83,419.42,1.09,0.19
149,-149.85203,-17.486505,Mid lagoon,N,418.74,486.38,1.169,0.195
150,-149.842015,-17.484302,Fringing reef,N,56.59,764.88,1.072,0.192
151,-149.84236,-17.478219,Back reef,N,710.59,130.06,1.097,0.208
152,-149.842276,-17.480095,Mid lagoon,N,505.41,325.79,1.097,0.208
153,-149.833981,-17.478417,Back reef,N,771.94,175.3,0.678,0.163
154,-149.836532,-17.479732,Mid lagoon,N,585.07,360.06,0.77,0.192
155,-149.834793,-17.484867,Fringing reef,N,71.15,888.63,0.58,0.126
156,-149.831273,-17.485029,Fringing reef,N,40.12,777.02,2.058,0.314
157,-149.830138,-17.481151,Mid lagoon,N,415.9,384.91,2.061,0.317
158,-149.827516,-17.48467,Fringing reef,N,128.12,596.83,2.048,0.32
159,-149.825057,-17.486556,Fringing reef,N,166.18,831.19,2.048,0.32
160,-149.82621,-17.482045,Reef pass,N,440.58,317.04,2.005,0.297
161,-149.776853,-17.473709,Fringing reef,N,86.74,210.71,0.338,0.112
162,-149.780356,-17.475996,Fringing reef,N,73.8,458.54,0.869,0.143
163,-149.786654,-17.477852,Fringing reef,N,36.28,758.45,1.172,0.12
164,-149.790986,-17.478809,Fringing reef,N,57.37,678.17,0.823,0.129
165,-149.796129,-17.479606,Fringing reef,N,63.75,582.53,3.687,0.525
166,-149.786723,-17.47499,Mid lagoon,N,349.11,452.29,0.733,0.097
167,-149.781029,-17.472826,Reef pass,N,411.85,105.77,0.343,0.119
168,-149.786553,-17.47187,Back reef,N,682.74,112.26,0.955,0.155
169,-149.793743,-17.474343,Back reef,N,617.73,114.84,0.764,0.126
170,-149.795012,-17.47682,Mid lagoon,N,393.54,335.56,3.687,0.525
171,-149.790116,-17.474969,Mid lagoon,N,427.29,331.87,1.2,0.125
172,-149.799661,-17.48044,Fringing reef,N,43.21,654.86,3.577,0.546
173,-149.797369,-17.47605,Reef pass,N,471.13,168.07,3.687,0.525
174,-149.777858,-17.472578,Back reef,N,221.57,130.23,0.082,0.046
175,-149.804837,-17.480822,Fringing reef,N,44.49,787.54,0.254,0.163
176,-149.813851,-17.482564,Fringing reef,N,83.23,1015.63,1.994,0.276
177,-149.816814,-17.483836,Fringing reef,N,51.84,987.49,0.448,0.137
178,-149.818393,-17.48729,Fringing reef,N,62.15,1207.7,0.354,0.115
179,-149.817599,-17.481202,Reef pass,N,334.42,732.36,0.417,0.123
180,-149.821236,-17.477079,Reef pass,N,926.05,136.79,0.418,0.124
181,-149.814886,-17.47478,Back reef,N,910.51,146.6,1.975,0.297
182,-149.813539,-17.478314,Mid lagoon,N,533.11,553.81,2.003,0.305
183,-149.813651,-17.480347,Mid lagoon,N,328,775.24,1.994,0.276
184,-149.806126,-17.474995,Back reef,N,621.49,166.54,0.264,0.171
185,-149.806627,-17.476912,Mid lagoon,N,467.92,383.46,1.882,0.304
186,-149.802503,-17.477115,Reef pass,N,351.65,352.01,0.263,0.169
187,-149.80634,-17.478994,Mid lagoon,N,241.27,609.22,1.886,0.307
188,-149.817243,-17.478068,Mid lagoon,N,644.33,449.05,0.42,0.126
200,-149.89176,-17.49044,Fringing reef,N,13.86,744.88,2.468,0.292
201,-149.78965,-17.58183,Back reef,SE,903.93,257.51,0.507,0.1
202,-149.80488,-17.58791,Fringing reef,SE,104.46,1306.94,6.361,0.707
203,-149.91716,-17.50637,Fringing reef,SW,24.41,877.52,1.086,0.21
204,-149.76818,-17.50963,Fringing reef,SE,79.13,675.85,2.716,0.339
205,-149.78795,-17.55094,Fringing reef,SE,105.88,1213.2,8.712,0.742
206,-149.79259,-17.56594,Fringing reef,SE,56.89,816.06,1.042,0.16
207,-149.79544,-17.57248,Fringing reef,SE,90.13,829.27,3.518,0.244
208,-149.88495,-17.55015,Fringing reef,SW,103.62,1133.18,2.28,0.115
209,-149.88307,-17.5528,Fringing reef,SW,238.9,1013.15,2.402,0.106
210,-149.87744,-17.55789,Fringing reef,SW,232.94,1127.76,0.516,0.043
CG_1,-149.784324,-17.475613,Mid lagoon,N,205.31,542.6,0.955,0.155
COOK_1,-149.818048,-17.497183,Bay,N,94.13,2199.74,0.978,0.272
GUMP,-149.825527,-17.490317,Bay,N,41.16,1230.96,0.298,0.121
LTER_1_BACK,-149.842267,-17.47825,Back reef,N,708.23,136.87,1.097,0.208
LTER_1_CREST,-149.842658,-17.477073,Reef crest,N,830.34,0,1.097,0.208
LTER_1_FRINGE,-149.834083,-17.485,Fringing reef,N,84.84,886.21,2.435,0.326
LTER_2_BACK,-149.802333,-17.477217,Back reef,N,344.91,361.54,0.263,0.169
LTER_2_CREST,-149.802088,-17.473961,Reef crest,N,700.91,0,0.264,0.171
LTER_2_FRINGE,-149.799567,-17.480267,Fringing reef,N,64.54,636.33,3.577,0.546
LTER_3_BACK,-149.76415,-17.5138,Back reef,SE,495.41,194.03,0.718,0.198
LTER_3_CREST,-149.762344,-17.514057,Reef crest,SE,689.29,0,0.718,0.198
LTER_3_FRINGE,-149.766883,-17.51305,Fringing reef,SE,197.23,493.48,2.156,0.266
LTER_4_BACK,-149.769483,-17.54365,Back reef,SE,557.39,177.29,0.892,0.186
LTER_4_CREST,-149.768273,-17.544753,Reef crest,SE,711.32,0,0.892,0.186
LTER_4_FRINGE,-149.77415,-17.54295,Fringing reef,SE,55.85,594.28,0.892,0.186
LTER_5_BACK,-149.871433,-17.579333,Back reef,SW,921.83,224.06,0.5,0.117
LTER_5_CREST,-149.873353,-17.58017,Reef crest,SW,1115.09,0,0.5,0.117
LTER_5_FRINGE,-149.86425,-17.579,Fringing reef,SW,483.32,841.13,0.53,0.144
LTER_6_BACK,-149.920783,-17.52095,Back reef,SW,862.61,176.74,1.797,0.093
LTER_6_CREST,-149.922426,-17.5212,Reef crest,SW,1038.83,0,1.797,0.093
LTER_6_FRINGE,-149.914517,-17.515533,Fringing reef,SW,144.3,943.42,2.005,0.077
OPU_1,-149.852588,-17.508434,Bay,N,31.4,2400.84,0.496,0.044
OPU_2,-149.857605,-17.506539,Bay,N,56.6,2079.26,2.798,0.134
